{
    "IoU": 0.8811238021263474,
    "Precision": 0.8975,
    "Recall": 0.925,
    "F1": 0.9066666666666666
}